{
    "keep": {
        "days": true,
        "amount": 14
    },
    "auditLog": "logs/.9939c08d8f9a525bafe6ce44efd05ed4780984d8-audit.json",
    "files": [
        {
            "date": 1686238190370,
            "name": "logs/pms-service-user-2023-06-08-22.log",
            "hash": "14e630d9dcb561fe96b6905915becbd9e50e72e8df65d2b1e7546a9073ba9468"
        },
        {
            "date": 1686252682943,
            "name": "logs/pms-service-user-2023-06-09-02.log",
            "hash": "35006d5939c30af2fbfd37bb6f4c25d96157b6e96829b893551ba3646ba537b9"
        },
        {
            "date": 1686391163307,
            "name": "logs/pms-service-user-2023-06-10-16.log",
            "hash": "999eaa2c07812a3a6d7371e72a70ab5c5daa15cea4b3973ed8221b2111b2ff8c"
        },
        {
            "date": 1686391252355,
            "name": "logs/pms-service-user-2023-06-10-17.log",
            "hash": "b8a597ed0bae20d0bad6b8f2d4ef70337518d74704a14d760e44d321b1e02062"
        },
        {
            "date": 1686397244397,
            "name": "logs/pms-service-user-2023-06-10-18.log",
            "hash": "5830a958062ab05ec2ef40b9dcec9de3ae55b9b06c89b349778a36ad04380342"
        },
        {
            "date": 1686481855712,
            "name": "logs/pms-service-user-2023-06-11-18.log",
            "hash": "189bbd402380f072fad254d2736ab10140a3523d62ce7b1b04c260feeb710dea"
        },
        {
            "date": 1686535147102,
            "name": "logs/pms-service-user-2023-06-12-08.log",
            "hash": "78ff9395a3c1b37a8a4e1f9f66482e41d92120677cd594d94bb329f4597f21d2"
        },
        {
            "date": 1686575600505,
            "name": "logs/pms-service-user-2023-06-12-20.log",
            "hash": "6447607d727d68479ce0fe5f4f06f9d2ba4f000174bd77aad5a1c4e960c61428"
        },
        {
            "date": 1686587659483,
            "name": "logs/pms-service-user-2023-06-12-23.log",
            "hash": "905aaf97ff3c679062cc5c027e0003cfa2b830aa6be9606204a43a7b7e9faafd"
        }
    ],
    "hashType": "sha256"
}